representation,nmi_category,ari_category,nmi_sentiment,ari_sentiment
tfidf,0.0033248910786299727,0.0007739246486977001,0.06044395507049108,-0.14157864021903335
word2vec,0.002327047140146564,0.0011228634820224966,0.05887357003050992,-0.11041285413862152
lsa,0.0011751928766222369,0.00040987289424197033,0.017464373409283047,-0.0023439962060688583
