representation,nmi_category,ari_category,nmi_sentiment,ari_sentiment
word2vec,0.0057876760370386615,0.003541583410970096,0.06898116152938916,-0.10604148816384958
tfidf,0.0031462489946864547,0.0016764114872652215,0.037708421155954984,-0.03056896086330283
lsa,0.003046072972765071,0.0007315935023694682,0.029430847249083552,-0.0748986326081937
