representation,recall_at_10,mrr_at_10,queries
word2vec,0.914,0.6861444444444446,1000
tfidf,0.876,0.5466611111111102,1000
lsa,0.88,0.53010119047619,1000
