representation,sentiment_test_macro_f1,sentiment_test_accuracy,category_test_macro_f1,category_test_accuracy,recall_at_10,mrr_at_10,nmi_category,ari_category,nmi_sentiment,ari_sentiment
tfidf,0.6703906340686828,0.8838280993530647,0.7386642139850085,0.7389797626011685,0.866,0.541498809523809,0.003404753310620246,0.0009059557919014595,0.060355046653024214,-0.14010288354159114
word2vec,0.5742867539870327,0.8578396163311045,0.6721069848286565,0.6667900804904959,0.914,0.6866444444444445,0.002327047140146564,0.0011228634820224966,0.05887357003050992,-0.11041285413862152
lsa,0.5741739215173666,0.8566054780928122,0.6159683363580791,0.6156153043014654,0.871,0.5237785714285709,0.0011394464897028893,4.183476229115152e-06,0.011139383642446741,-0.02691403166358607
