representation,sentiment_test_macro_f1,sentiment_test_accuracy,category_test_macro_f1,category_test_accuracy,recall_at_10,mrr_at_10,nmi_category,ari_category,nmi_sentiment,ari_sentiment
tfidf,0.6663802439136932,0.8913785570949373,0.7518958205573161,0.7520715010329737,0.876,0.5466611111111102,0.0033248910786299727,0.0007739246486977001,0.06044395507049108,-0.14157864021903335
word2vec,0.5737028474202944,0.8577482901014708,0.671783601357352,0.6664642679955867,0.914,0.6861444444444446,0.002327047140146564,0.0011228634820224966,0.05887357003050992,-0.11041285413862152
lsa,0.5696913708201292,0.8546580079527868,0.6206785896453051,0.6200113047062628,0.88,0.53010119047619,0.0011751928766222369,0.00040987289424197033,0.017464373409283047,-0.0023439962060688583
