,Electronics,Home_and_Kitchen,Beauty_and_Personal_Care,Sports_and_Outdoors
Electronics,0.99999946,0.9922498,0.9866774,0.9951312
Home_and_Kitchen,0.9922498,0.9999998,0.99312985,0.9974694
Beauty_and_Personal_Care,0.9866774,0.99312985,0.9999997,0.991558
Sports_and_Outdoors,0.9951312,0.9974694,0.991558,0.9999998
