,Electronics,Home_and_Kitchen,Beauty_and_Personal_Care,Sports_and_Outdoors
Electronics,0.9999998,0.9926025,0.9874338,0.9954956
Home_and_Kitchen,0.9926025,1.0000004,0.99361366,0.9975469
Beauty_and_Personal_Care,0.9874338,0.99361366,1.0000001,0.9921975
Sports_and_Outdoors,0.9954956,0.9975469,0.9921975,1.0000001
