representation,nmi_category,ari_category,nmi_sentiment,ari_sentiment
tfidf,0.003404753310620246,0.0009059557919014595,0.060355046653024214,-0.14010288354159114
word2vec,0.002327047140146564,0.0011228634820224966,0.05887357003050992,-0.11041285413862152
lsa,0.0011394464897028893,4.183476229115152e-06,0.011139383642446741,-0.02691403166358607
