representation,recall_at_10,mrr_at_10,queries
word2vec,0.921,0.6918920634920636,1000
tfidf,0.872,0.5368488095238092,1000
lsa,0.864,0.5184210317460312,1000
