representation,recall_at_10,mrr_at_10,queries
word2vec,0.914,0.6866444444444445,1000
tfidf,0.866,0.541498809523809,1000
lsa,0.871,0.5237785714285709,1000
